{
  "device": "LIS-INT-FW01",
  "platform": "srx",
  "rules_received": [
    {
      "source_row_key": "zero",
      "rule_name": "",
      "policy": "",
      "acl": "",
      "line": "UNTRUST-POLICY-8",
      "src": "H-10.100.5.13,H-10.100.7.203,lonfms92",
      "dst": "NW-10.51.52.0/24",
      "apps": "",
      "service": "",
      "action": "permit",
      "zones": "",
      "category": "",
      "remark": "from Untrust to Trust"
    },
    {
      "source_row_key": "zero",
      "rule_name": "",
      "policy": "",
      "acl": "",
      "line": "UNTRUST-POLICY-1",
      "src": "ULVMCTMASN001,lonnes01",
      "dst": "any",
      "apps": "",
      "service": "",
      "action": "permit",
      "zones": "",
      "category": "",
      "remark": "from Untrust to Trust"
    }
  ],
  "resolution": "deferred",
  "note": "Sprint 1 dry-run: no device resolution, no changes applied."
}