{
  "device": "GGN-VPN-FW01",
  "platform": "ASA",
  "rules_received": [
    {
      "source_row_key": "zero",
      "rule_name": "",
      "policy": "",
      "acl": "",
      "line": "Internet:192",
      "src": "10.91.192.0/20",
      "dst": "10.91.88.23",
      "apps": "",
      "service": "",
      "action": "permit",
      "zones": "",
      "category": "",
      "remark": "asa_line=3"
    }
  ],
  "resolution": "deferred",
  "note": "Sprint 1 dry-run: no device resolution, no changes applied."
}