{
  "device": "FRA-INT-FW01",
  "platform": "srx",
  "rules_received": [
    {
      "source_row_key": "zero",
      "rule_name": "",
      "policy": "",
      "acl": "",
      "line": "Recpvery_phase_connectivity",
      "src": "any",
      "dst": "any",
      "apps": "",
      "service": "",
      "action": "",
      "zones": "",
      "category": "",
      "remark": "from junos-global to junos-global"
    },
    {
      "source_row_key": "zero",
      "rule_name": "",
      "policy": "",
      "acl": "",
      "line": "RDB_proxy_to_SIEM",
      "src": "any",
      "dst": "any",
      "apps": "",
      "service": "",
      "action": "",
      "zones": "",
      "category": "",
      "remark": "from junos-global to junos-global"
    },
    {
      "source_row_key": "zero",
      "rule_name": "",
      "policy": "",
      "acl": "",
      "line": "RPAs_TDA_D280-81",
      "src": "any",
      "dst": "any",
      "apps": "",
      "service": "",
      "action": "",
      "zones": "",
      "category": "",
      "remark": "from junos-global to junos-global"
    },
    {
      "source_row_key": "zero",
      "rule_name": "",
      "policy": "",
      "acl": "",
      "line": "FRARDB01-03",
      "src": "any",
      "dst": "any",
      "apps": "",
      "service": "",
      "action": "",
      "zones": "",
      "category": "",
      "remark": "from junos-global to junos-global"
    },
    {
      "source_row_key": "zero",
      "rule_name": "",
      "policy": "",
      "acl": "",
      "line": "restore1",
      "src": "any",
      "dst": "any",
      "apps": "",
      "service": "",
      "action": "",
      "zones": "",
      "category": "",
      "remark": "from junos-global to junos-global"
    },
    {
      "source_row_key": "zero",
      "rule_name": "",
      "policy": "",
      "acl": "",
      "line": "SCTASK1158806112",
      "src": "any",
      "dst": "any",
      "apps": "",
      "service": "",
      "action": "",
      "zones": "",
      "category": "",
      "remark": "from junos-global to junos-global"
    },
    {
      "source_row_key": "zero",
      "rule_name": "",
      "policy": "",
      "acl": "",
      "line": "Rapid7-Scanner-IPs",
      "src": "any",
      "dst": "any",
      "apps": "",
      "service": "",
      "action": "",
      "zones": "",
      "category": "",
      "remark": "from junos-global to junos-global"
    },
    {
      "source_row_key": "zero",
      "rule_name": "",
      "policy": "",
      "acl": "",
      "line": "FRARDB03_FRANOKMCP01",
      "src": "any",
      "dst": "any",
      "apps": "",
      "service": "",
      "action": "",
      "zones": "",
      "category": "",
      "remark": "from junos-global to junos-global"
    },
    {
      "source_row_key": "zero",
      "rule_name": "",
      "policy": "",
      "acl": "",
      "line": "SIT-DCP",
      "src": "any",
      "dst": "any",
      "apps": "",
      "service": "",
      "action": "",
      "zones": "",
      "category": "",
      "remark": "from untrust to trust"
    }
  ],
  "resolution": "deferred",
  "note": "Sprint 1 dry-run: no device resolution, no changes applied."
}