category,query
Permit ANY?ANY,any->any
Permit ANY?10.0.0.0/8,"permit any 10."
Permit ANY?192.168.0.0/16,"permit any 192.168."
Permit ANY?172.16.0.0/12,"permit any 172.16 OR permit any 172.17 OR permit any 172.18 OR permit any 172.19 OR permit any 172.20 OR permit any 172.21 OR permit any 172.22 OR permit any 172.23 OR permit any 172.24 OR permit any 172.25 OR permit any 172.26 OR permit any 172.27 OR permit any 172.28 OR permit any 172.29 OR permit any 172.30 OR permit any 172.31"
Broad prefix (/16 or larger),"/16"
Broad prefix (/12 or larger),"/12"
Broad prefix (/8),"/8"
Sensitive Services (22|3389|1433|1521|27017),sensitive
SSH (tcp/22),"ssh OR tcp/22 OR udp/22"
RDP (tcp/3389),"rdp OR tcp/3389 OR udp/3389"
MSSQL (tcp/1433),"mssql OR sql OR tcp/1433 OR udp/1433"
Oracle (tcp/1521),"oracle OR tcp/1521 OR udp/1521"
MongoDB (tcp/27017),"mongodb OR mongo OR tcp/27017 OR udp/27017"