Firewall,name,zone
LON300-KJC-INT-FW01-PA,ethernet1/4,ha
LON300-KJC-INT-FW01-PA,ethernet1/5,DCN
LON300-KJC-INT-FW01-PA,ethernet1/15,vr:LON300-VR
LON300-KJC-INT-FW01-PA,ethernet1/15.241,EXT-SRV
LON300-KJC-INT-FW01-PA,ethernet1/15.261,Cloud-Telephony
LON300-KJC-INT-FW01-PA,ethernet1/15.2085,CYBERARK_Tier0_Infra
LON300-KJC-INT-FW01-PA,ethernet1/15.2086,CYBERARK_Tier1_Infra
LON300-KJC-INT-FW01-PA,ethernet1/16,vr:LON300-VR
LON300-KJC-INT-FW01-PA,ethernet1/16.201,BSS-DMZ
LON300-KJC-INT-FW01-PA,ethernet1/16.434,VPN
LON300-KJC-INT-FW01-PA,ethernet1/16.491,VPN
LON300-KJC-INT-FW01-PA,ethernet1/17,INTERNAL-IT
LON300-KJC-INT-FW01-PA,ethernet1/18,vr:LON300-VR
LON300-KJC-INT-FW01-PA,ethernet1/18.603,OSS
LON300-KJC-INT-FW01-PA,ethernet1/19,Colt-Asia
