{
  "run_id": "20260218-171243",
  "options": {
    "dry_run": true,
    "backup": true,
    "ticket_id": "",
    "srx_commit_confirm_minutes": 5,
    "panorama_mode": false
  },
  "targets": [
    {
      "device": "LIS-INT-FW01",
      "platform": "srx",
      "auth_ref": "global",
      "rules": [
        {
          "source_row_key": "zero",
          "rule_name": "",
          "policy": "",
          "acl": "",
          "line": "UNTRUST-POLICY-8",
          "src": "H-10.100.5.13,H-10.100.7.203,lonfms92",
          "dst": "NW-10.51.52.0/24",
          "apps": "",
          "service": "",
          "action": "permit",
          "zones": "",
          "category": "",
          "remark": "from Untrust to Trust"
        },
        {
          "source_row_key": "zero",
          "rule_name": "",
          "policy": "",
          "acl": "",
          "line": "UNTRUST-POLICY-1",
          "src": "ULVMCTMASN001,lonnes01",
          "dst": "any",
          "apps": "",
          "service": "",
          "action": "permit",
          "zones": "",
          "category": "",
          "remark": "from Untrust to Trust"
        },
        {
          "source_row_key": "zero",
          "rule_name": "",
          "policy": "",
          "acl": "",
          "line": "UNTRUST-POLICY-5",
          "src": "COLT-IT",
          "dst": "Portability-router",
          "apps": "",
          "service": "",
          "action": "permit",
          "zones": "",
          "category": "",
          "remark": "from Untrust to Trust"
        },
        {
          "source_row_key": "zero",
          "rule_name": "",
          "policy": "",
          "acl": "",
          "line": "UNTRUST-POLICY-7",
          "src": "NW-10.253.32.0/21,NW-10.253.40.0/21,NW-10.253.48.0/21,NW-10.97.0.0/21,NW-10.97.16.0/21,NW-10.97.8.0/21",
          "dst": "COLT-PT-LIS-Portability,H-10.51.52.180",
          "apps": "",
          "service": "",
          "action": "permit",
          "zones": "",
          "category": "",
          "remark": "from Untrust to Trust"
        },
        {
          "source_row_key": "zero",
          "rule_name": "",
          "policy": "",
          "acl": "",
          "line": "SCTASK0612060",
          "src": "10.51.210.240/28,10.51.3.0/24,10.51.52.160/27",
          "dst": "10.5.15.224/32,10.5.15.225/32",
          "apps": "",
          "service": "",
          "action": "permit",
          "zones": "",
          "category": "",
          "remark": "from Trust to Untrust"
        },
        {
          "source_row_key": "zero",
          "rule_name": "",
          "policy": "",
          "acl": "",
          "line": "TRUST-POLICY-3",
          "src": "Portability-router",
          "dst": "COLT-IT",
          "apps": "",
          "service": "",
          "action": "permit",
          "zones": "",
          "category": "",
          "remark": "from Trust to Untrust"
        }
      ]
    }
  ]
}