{
  "run_id": "20260218-171703",
  "options": {
    "dry_run": true,
    "backup": true,
    "ticket_id": "",
    "srx_commit_confirm_minutes": 5,
    "panorama_mode": false
  },
  "targets": [
    {
      "device": "BLR-VPN-FW01",
      "platform": "ASA",
      "auth_ref": "global",
      "rules": [
        {
          "source_row_key": "zero",
          "rule_name": "",
          "policy": "",
          "acl": "",
          "line": "ACL-Colt-Internal:806",
          "src": "10.91.176.0/22",
          "dst": "212.74.80.222",
          "apps": "",
          "service": "",
          "action": "permit",
          "zones": "",
          "category": "",
          "remark": "asa_line=4"
        },
        {
          "source_row_key": "zero",
          "rule_name": "",
          "policy": "",
          "acl": "",
          "line": "ACL-Colt-Internal:807",
          "src": "any",
          "dst": "any",
          "apps": "",
          "service": "",
          "action": "permit",
          "zones": "",
          "category": "",
          "remark": "asa_line=5"
        },
        {
          "source_row_key": "zero",
          "rule_name": "",
          "policy": "",
          "acl": "",
          "line": "ACL-Colt-Internal:808",
          "src": "10.100.6.237",
          "dst": "10.91.0.0/16",
          "apps": "",
          "service": "",
          "action": "permit",
          "zones": "",
          "category": "",
          "remark": "asa_line=5"
        },
        {
          "source_row_key": "zero",
          "rule_name": "",
          "policy": "",
          "acl": "",
          "line": "ACL-Colt-Internal:809",
          "src": "10.100.6.237",
          "dst": "10.91.0.0/16",
          "apps": "",
          "service": "",
          "action": "permit",
          "zones": "",
          "category": "",
          "remark": "asa_line=5"
        },
        {
          "source_row_key": "zero",
          "rule_name": "",
          "policy": "",
          "acl": "",
          "line": "ACL-Colt-Internal:810",
          "src": "10.100.6.237",
          "dst": "10.91.0.0/16",
          "apps": "",
          "service": "",
          "action": "permit",
          "zones": "",
          "category": "",
          "remark": "asa_line=5"
        },
        {
          "source_row_key": "zero",
          "rule_name": "",
          "policy": "",
          "acl": "",
          "line": "ACL-Colt-Internal:811",
          "src": "10.100.6.237",
          "dst": "10.91.0.0/16",
          "apps": "",
          "service": "",
          "action": "permit",
          "zones": "",
          "category": "",
          "remark": "asa_line=5"
        },
        {
          "source_row_key": "zero",
          "rule_name": "",
          "policy": "",
          "acl": "",
          "line": "ACL-Colt-Internal:812",
          "src": "10.100.6.237",
          "dst": "10.91.0.0/16",
          "apps": "",
          "service": "",
          "action": "permit",
          "zones": "",
          "category": "",
          "remark": "asa_line=5"
        },
        {
          "source_row_key": "zero",
          "rule_name": "",
          "policy": "",
          "acl": "",
          "line": "ACL-Colt-Internal:813",
          "src": "10.91.1.28",
          "dst": "10.91.0.0/16",
          "apps": "",
          "service": "",
          "action": "permit",
          "zones": "",
          "category": "",
          "remark": "asa_line=5"
        },
        {
          "source_row_key": "zero",
          "rule_name": "",
          "policy": "",
          "acl": "",
          "line": "ACL-Colt-Internal:814",
          "src": "10.91.1.28",
          "dst": "10.91.0.0/16",
          "apps": "",
          "service": "",
          "action": "permit",
          "zones": "",
          "category": "",
          "remark": "asa_line=5"
        },
        {
          "source_row_key": "zero",
          "rule_name": "",
          "policy": "",
          "acl": "",
          "line": "ACL-Colt-Internal:815",
          "src": "10.91.1.28",
          "dst": "10.91.0.0/16",
          "apps": "",
          "service": "",
          "action": "permit",
          "zones": "",
          "category": "",
          "remark": "asa_line=5"
        },
        {
          "source_row_key": "zero",
          "rule_name": "",
          "policy": "",
          "acl": "",
          "line": "ACL-Colt-Internal:816",
          "src": "10.91.1.28",
          "dst": "10.91.0.0/16",
          "apps": "",
          "service": "",
          "action": "permit",
          "zones": "",
          "category": "",
          "remark": "asa_line=5"
        },
        {
          "source_row_key": "zero",
          "rule_name": "",
          "policy": "",
          "acl": "",
          "line": "ACL-Colt-Internal:817",
          "src": "10.91.1.28",
          "dst": "10.91.0.0/16",
          "apps": "",
          "service": "",
          "action": "permit",
          "zones": "",
          "category": "",
          "remark": "asa_line=5"
        },
        {
          "source_row_key": "zero",
          "rule_name": "",
          "policy": "",
          "acl": "",
          "line": "ACL-Colt-Internal:818",
          "src": "10.91.1.29",
          "dst": "10.91.0.0/16",
          "apps": "",
          "service": "",
          "action": "permit",
          "zones": "",
          "category": "",
          "remark": "asa_line=5"
        },
        {
          "source_row_key": "zero",
          "rule_name": "",
          "policy": "",
          "acl": "",
          "line": "ACL-Colt-Internal:819",
          "src": "10.91.1.29",
          "dst": "10.91.0.0/16",
          "apps": "",
          "service": "",
          "action": "permit",
          "zones": "",
          "category": "",
          "remark": "asa_line=5"
        },
        {
          "source_row_key": "zero",
          "rule_name": "",
          "policy": "",
          "acl": "",
          "line": "ACL-Colt-Internal:820",
          "src": "10.91.1.29",
          "dst": "10.91.0.0/16",
          "apps": "",
          "service": "",
          "action": "permit",
          "zones": "",
          "category": "",
          "remark": "asa_line=5"
        },
        {
          "source_row_key": "zero",
          "rule_name": "",
          "policy": "",
          "acl": "",
          "line": "ACL-Colt-Internal:821",
          "src": "10.91.1.29",
          "dst": "10.91.0.0/16",
          "apps": "",
          "service": "",
          "action": "permit",
          "zones": "",
          "category": "",
          "remark": "asa_line=5"
        },
        {
          "source_row_key": "zero",
          "rule_name": "",
          "policy": "",
          "acl": "",
          "line": "ACL-Colt-Internal:822",
          "src": "10.91.1.29",
          "dst": "10.91.0.0/16",
          "apps": "",
          "service": "",
          "action": "permit",
          "zones": "",
          "category": "",
          "remark": "asa_line=5"
        },
        {
          "source_row_key": "zero",
          "rule_name": "",
          "policy": "",
          "acl": "",
          "line": "ACL-Colt-Internal:823",
          "src": "10.91.88.23",
          "dst": "10.91.0.0/16",
          "apps": "",
          "service": "",
          "action": "permit",
          "zones": "",
          "category": "",
          "remark": "asa_line=5"
        },
        {
          "source_row_key": "zero",
          "rule_name": "",
          "policy": "",
          "acl": "",
          "line": "ACL-Colt-Internal:824",
          "src": "10.91.88.23",
          "dst": "10.91.0.0/16",
          "apps": "",
          "service": "",
          "action": "permit",
          "zones": "",
          "category": "",
          "remark": "asa_line=5"
        },
        {
          "source_row_key": "zero",
          "rule_name": "",
          "policy": "",
          "acl": "",
          "line": "ACL-Colt-Internal:825",
          "src": "10.91.88.23",
          "dst": "10.91.0.0/16",
          "apps": "",
          "service": "",
          "action": "permit",
          "zones": "",
          "category": "",
          "remark": "asa_line=5"
        },
        {
          "source_row_key": "zero",
          "rule_name": "",
          "policy": "",
          "acl": "",
          "line": "ACL-Colt-Internal:826",
          "src": "10.91.88.23",
          "dst": "10.91.0.0/16",
          "apps": "",
          "service": "",
          "action": "permit",
          "zones": "",
          "category": "",
          "remark": "asa_line=5"
        },
        {
          "source_row_key": "zero",
          "rule_name": "",
          "policy": "",
          "acl": "",
          "line": "ACL-Colt-Internal:827",
          "src": "10.91.88.23",
          "dst": "10.91.0.0/16",
          "apps": "",
          "service": "",
          "action": "permit",
          "zones": "",
          "category": "",
          "remark": "asa_line=5"
        },
        {
          "source_row_key": "zero",
          "rule_name": "",
          "policy": "",
          "acl": "",
          "line": "ACL-Colt-Internal:828",
          "src": "10.91.88.24",
          "dst": "10.91.0.0/16",
          "apps": "",
          "service": "",
          "action": "permit",
          "zones": "",
          "category": "",
          "remark": "asa_line=5"
        }
      ]
    }
  ]
}