{
  "run_id": "20260219-070205",
  "options": {
    "dry_run": true,
    "backup": true,
    "ticket_id": "",
    "srx_commit_confirm_minutes": 5,
    "panorama_mode": false
  },
  "targets": [
    {
      "device": "GGN-VPN-FW01",
      "platform": "ASA",
      "auth_ref": "global",
      "rules": [
        {
          "source_row_key": "zero",
          "rule_name": "",
          "policy": "",
          "acl": "",
          "line": "Internet:192",
          "src": "10.91.192.0/20",
          "dst": "10.91.88.23",
          "apps": "",
          "service": "",
          "action": "permit",
          "zones": "",
          "category": "",
          "remark": "asa_line=3"
        }
      ]
    }
  ]
}