{
  "run_id": "20260217-190724",
  "options": {
    "dry_run": true,
    "backup": true,
    "ticket_id": "",
    "srx_commit_confirm_minutes": 5,
    "panorama_mode": false
  },
  "targets": [
    {
      "device": "FRA-INT-FW01",
      "platform": "srx",
      "auth_ref": "global",
      "rules": [
        {
          "source_row_key": "zero",
          "rule_name": "",
          "policy": "",
          "acl": "",
          "line": "Recpvery_phase_connectivity",
          "src": "any",
          "dst": "any",
          "apps": "",
          "service": "",
          "action": "",
          "zones": "",
          "category": "",
          "remark": "from junos-global to junos-global"
        },
        {
          "source_row_key": "zero",
          "rule_name": "",
          "policy": "",
          "acl": "",
          "line": "RDB_proxy_to_SIEM",
          "src": "any",
          "dst": "any",
          "apps": "",
          "service": "",
          "action": "",
          "zones": "",
          "category": "",
          "remark": "from junos-global to junos-global"
        },
        {
          "source_row_key": "zero",
          "rule_name": "",
          "policy": "",
          "acl": "",
          "line": "RPAs_TDA_D280-81",
          "src": "any",
          "dst": "any",
          "apps": "",
          "service": "",
          "action": "",
          "zones": "",
          "category": "",
          "remark": "from junos-global to junos-global"
        },
        {
          "source_row_key": "zero",
          "rule_name": "",
          "policy": "",
          "acl": "",
          "line": "FRARDB01-03",
          "src": "any",
          "dst": "any",
          "apps": "",
          "service": "",
          "action": "",
          "zones": "",
          "category": "",
          "remark": "from junos-global to junos-global"
        },
        {
          "source_row_key": "zero",
          "rule_name": "",
          "policy": "",
          "acl": "",
          "line": "restore1",
          "src": "any",
          "dst": "any",
          "apps": "",
          "service": "",
          "action": "",
          "zones": "",
          "category": "",
          "remark": "from junos-global to junos-global"
        },
        {
          "source_row_key": "zero",
          "rule_name": "",
          "policy": "",
          "acl": "",
          "line": "SCTASK1158806112",
          "src": "any",
          "dst": "any",
          "apps": "",
          "service": "",
          "action": "",
          "zones": "",
          "category": "",
          "remark": "from junos-global to junos-global"
        },
        {
          "source_row_key": "zero",
          "rule_name": "",
          "policy": "",
          "acl": "",
          "line": "Rapid7-Scanner-IPs",
          "src": "any",
          "dst": "any",
          "apps": "",
          "service": "",
          "action": "",
          "zones": "",
          "category": "",
          "remark": "from junos-global to junos-global"
        },
        {
          "source_row_key": "zero",
          "rule_name": "",
          "policy": "",
          "acl": "",
          "line": "FRARDB03_FRANOKMCP01",
          "src": "any",
          "dst": "any",
          "apps": "",
          "service": "",
          "action": "",
          "zones": "",
          "category": "",
          "remark": "from junos-global to junos-global"
        },
        {
          "source_row_key": "zero",
          "rule_name": "",
          "policy": "",
          "acl": "",
          "line": "SIT-DCP",
          "src": "any",
          "dst": "any",
          "apps": "",
          "service": "",
          "action": "",
          "zones": "",
          "category": "",
          "remark": "from untrust to trust"
        }
      ]
    },
    {
      "device": "LIS-INT-FW01",
      "platform": "srx",
      "auth_ref": "global",
      "rules": [
        {
          "source_row_key": "zero",
          "rule_name": "",
          "policy": "",
          "acl": "",
          "line": "UNTRUST-POLICY-8",
          "src": "H-10.100.5.13,H-10.100.7.203,lonfms92",
          "dst": "NW-10.51.52.0/24",
          "apps": "",
          "service": "",
          "action": "permit",
          "zones": "",
          "category": "",
          "remark": "from Untrust to Trust"
        },
        {
          "source_row_key": "zero",
          "rule_name": "",
          "policy": "",
          "acl": "",
          "line": "UNTRUST-POLICY-1",
          "src": "ULVMCTMASN001,lonnes01",
          "dst": "any",
          "apps": "",
          "service": "",
          "action": "permit",
          "zones": "",
          "category": "",
          "remark": "from Untrust to Trust"
        },
        {
          "source_row_key": "zero",
          "rule_name": "",
          "policy": "",
          "acl": "",
          "line": "UNTRUST-POLICY-2",
          "src": "pwg-it-scanner-1,pwg-it-scanner-2,pwg-it-scanner-3",
          "dst": "any",
          "apps": "",
          "service": "",
          "action": "deny",
          "zones": "",
          "category": "",
          "remark": "from Untrust to Trust"
        },
        {
          "source_row_key": "zero",
          "rule_name": "",
          "policy": "",
          "acl": "",
          "line": "UNTRUST-POLICY-3",
          "src": "any",
          "dst": "any",
          "apps": "",
          "service": "",
          "action": "deny",
          "zones": "",
          "category": "",
          "remark": "from Untrust to Trust"
        },
        {
          "source_row_key": "zero",
          "rule_name": "",
          "policy": "",
          "acl": "",
          "line": "UNTRUST-POLICY-5",
          "src": "COLT-IT",
          "dst": "Portability-router",
          "apps": "",
          "service": "",
          "action": "permit",
          "zones": "",
          "category": "",
          "remark": "from Untrust to Trust"
        },
        {
          "source_row_key": "zero",
          "rule_name": "",
          "policy": "",
          "acl": "",
          "line": "UNTRUST-POLICY-7",
          "src": "NW-10.253.32.0/21,NW-10.253.40.0/21,NW-10.253.48.0/21,NW-10.97.0.0/21,NW-10.97.16.0/21,NW-10.97.8.0/21",
          "dst": "COLT-PT-LIS-Portability,H-10.51.52.180",
          "apps": "",
          "service": "",
          "action": "permit",
          "zones": "",
          "category": "",
          "remark": "from Untrust to Trust"
        },
        {
          "source_row_key": "zero",
          "rule_name": "",
          "policy": "",
          "acl": "",
          "line": "SCTASK0612060",
          "src": "10.51.210.240/28,10.51.3.0/24,10.51.52.160/27",
          "dst": "10.5.15.224/32,10.5.15.225/32",
          "apps": "",
          "service": "",
          "action": "permit",
          "zones": "",
          "category": "",
          "remark": "from Trust to Untrust"
        },
        {
          "source_row_key": "zero",
          "rule_name": "",
          "policy": "",
          "acl": "",
          "line": "TRUST-POLICY-3",
          "src": "Portability-router",
          "dst": "COLT-IT",
          "apps": "",
          "service": "",
          "action": "permit",
          "zones": "",
          "category": "",
          "remark": "from Trust to Untrust"
        }
      ]
    },
    {
      "device": "GGN-VPN-FW01",
      "platform": "ASA",
      "auth_ref": "global",
      "rules": [
        {
          "source_row_key": "zero",
          "rule_name": "",
          "policy": "",
          "acl": "",
          "line": "Internet:1",
          "src": "any",
          "dst": "any",
          "apps": "",
          "service": "",
          "action": "deny",
          "zones": "",
          "category": "",
          "remark": "asa_line=1"
        },
        {
          "source_row_key": "zero",
          "rule_name": "",
          "policy": "",
          "acl": "",
          "line": "Internet:2",
          "src": "51.89.138.221",
          "dst": "any",
          "apps": "",
          "service": "",
          "action": "deny",
          "zones": "",
          "category": "",
          "remark": "asa_line=1"
        },
        {
          "source_row_key": "zero",
          "rule_name": "",
          "policy": "",
          "acl": "",
          "line": "Internet:3",
          "src": "54.82.138.153",
          "dst": "any",
          "apps": "",
          "service": "",
          "action": "deny",
          "zones": "",
          "category": "",
          "remark": "asa_line=1"
        },
        {
          "source_row_key": "zero",
          "rule_name": "",
          "policy": "",
          "acl": "",
          "line": "Internet:4",
          "src": "35.172.182.167",
          "dst": "any",
          "apps": "",
          "service": "",
          "action": "deny",
          "zones": "",
          "category": "",
          "remark": "asa_line=1"
        },
        {
          "source_row_key": "zero",
          "rule_name": "",
          "policy": "",
          "acl": "",
          "line": "Internet:5",
          "src": "54.91.228.77",
          "dst": "any",
          "apps": "",
          "service": "",
          "action": "deny",
          "zones": "",
          "category": "",
          "remark": "asa_line=1"
        },
        {
          "source_row_key": "zero",
          "rule_name": "",
          "policy": "",
          "acl": "",
          "line": "Internet:6",
          "src": "54.209.85.168",
          "dst": "any",
          "apps": "",
          "service": "",
          "action": "deny",
          "zones": "",
          "category": "",
          "remark": "asa_line=1"
        },
        {
          "source_row_key": "zero",
          "rule_name": "",
          "policy": "",
          "acl": "",
          "line": "Internet:7",
          "src": "13.222.153.177",
          "dst": "any",
          "apps": "",
          "service": "",
          "action": "deny",
          "zones": "",
          "category": "",
          "remark": "asa_line=1"
        },
        {
          "source_row_key": "zero",
          "rule_name": "",
          "policy": "",
          "acl": "",
          "line": "Internet:8",
          "src": "3.92.197.210",
          "dst": "any",
          "apps": "",
          "service": "",
          "action": "deny",
          "zones": "",
          "category": "",
          "remark": "asa_line=1"
        },
        {
          "source_row_key": "zero",
          "rule_name": "",
          "policy": "",
          "acl": "",
          "line": "Internet:9",
          "src": "107.22.33.33",
          "dst": "any",
          "apps": "",
          "service": "",
          "action": "deny",
          "zones": "",
          "category": "",
          "remark": "asa_line=1"
        },
        {
          "source_row_key": "zero",
          "rule_name": "",
          "policy": "",
          "acl": "",
          "line": "Internet:10",
          "src": "54.204.218.42",
          "dst": "any",
          "apps": "",
          "service": "",
          "action": "deny",
          "zones": "",
          "category": "",
          "remark": "asa_line=1"
        },
        {
          "source_row_key": "zero",
          "rule_name": "",
          "policy": "",
          "acl": "",
          "line": "Internet:11",
          "src": "106.54.192.144",
          "dst": "any",
          "apps": "",
          "service": "",
          "action": "deny",
          "zones": "",
          "category": "",
          "remark": "asa_line=1"
        },
        {
          "source_row_key": "zero",
          "rule_name": "",
          "policy": "",
          "acl": "",
          "line": "Internet:12",
          "src": "100.26.42.198",
          "dst": "any",
          "apps": "",
          "service": "",
          "action": "deny",
          "zones": "",
          "category": "",
          "remark": "asa_line=1"
        },
        {
          "source_row_key": "zero",
          "rule_name": "",
          "policy": "",
          "acl": "",
          "line": "Internet:13",
          "src": "18.212.227.228",
          "dst": "any",
          "apps": "",
          "service": "",
          "action": "deny",
          "zones": "",
          "category": "",
          "remark": "asa_line=1"
        },
        {
          "source_row_key": "zero",
          "rule_name": "",
          "policy": "",
          "acl": "",
          "line": "Internet:14",
          "src": "13.222.167.212",
          "dst": "any",
          "apps": "",
          "service": "",
          "action": "deny",
          "zones": "",
          "category": "",
          "remark": "asa_line=1"
        },
        {
          "source_row_key": "zero",
          "rule_name": "",
          "policy": "",
          "acl": "",
          "line": "Internet:15",
          "src": "3.95.189.160",
          "dst": "any",
          "apps": "",
          "service": "",
          "action": "deny",
          "zones": "",
          "category": "",
          "remark": "asa_line=1"
        },
        {
          "source_row_key": "zero",
          "rule_name": "",
          "policy": "",
          "acl": "",
          "line": "Internet:16",
          "src": "18.234.127.249",
          "dst": "any",
          "apps": "",
          "service": "",
          "action": "deny",
          "zones": "",
          "category": "",
          "remark": "asa_line=1"
        },
        {
          "source_row_key": "zero",
          "rule_name": "",
          "policy": "",
          "acl": "",
          "line": "Internet:17",
          "src": "167.172.231.169",
          "dst": "any",
          "apps": "",
          "service": "",
          "action": "deny",
          "zones": "",
          "category": "",
          "remark": "asa_line=1"
        },
        {
          "source_row_key": "zero",
          "rule_name": "",
          "policy": "",
          "acl": "",
          "line": "Internet:18",
          "src": "104.131.162.38",
          "dst": "any",
          "apps": "",
          "service": "",
          "action": "deny",
          "zones": "",
          "category": "",
          "remark": "asa_line=1"
        },
        {
          "source_row_key": "zero",
          "rule_name": "",
          "policy": "",
          "acl": "",
          "line": "Internet:19",
          "src": "52.23.230.152",
          "dst": "any",
          "apps": "",
          "service": "",
          "action": "deny",
          "zones": "",
          "category": "",
          "remark": "asa_line=1"
        },
        {
          "source_row_key": "zero",
          "rule_name": "",
          "policy": "",
          "acl": "",
          "line": "Internet:20",
          "src": "44.203.190.115",
          "dst": "any",
          "apps": "",
          "service": "",
          "action": "deny",
          "zones": "",
          "category": "",
          "remark": "asa_line=1"
        },
        {
          "source_row_key": "zero",
          "rule_name": "",
          "policy": "",
          "acl": "",
          "line": "Internet:21",
          "src": "54.224.105.205",
          "dst": "any",
          "apps": "",
          "service": "",
          "action": "deny",
          "zones": "",
          "category": "",
          "remark": "asa_line=1"
        },
        {
          "source_row_key": "zero",
          "rule_name": "",
          "policy": "",
          "acl": "",
          "line": "Internet:22",
          "src": "34.239.123.121",
          "dst": "any",
          "apps": "",
          "service": "",
          "action": "deny",
          "zones": "",
          "category": "",
          "remark": "asa_line=1"
        },
        {
          "source_row_key": "zero",
          "rule_name": "",
          "policy": "",
          "acl": "",
          "line": "Internet:23",
          "src": "142.171.193.17",
          "dst": "any",
          "apps": "",
          "service": "",
          "action": "deny",
          "zones": "",
          "category": "",
          "remark": "asa_line=1"
        },
        {
          "source_row_key": "zero",
          "rule_name": "",
          "policy": "",
          "acl": "",
          "line": "Internet:24",
          "src": "149.248.11.71",
          "dst": "any",
          "apps": "",
          "service": "",
          "action": "deny",
          "zones": "",
          "category": "",
          "remark": "asa_line=1"
        },
        {
          "source_row_key": "zero",
          "rule_name": "",
          "policy": "",
          "acl": "",
          "line": "Internet:25",
          "src": "207.246.90.183",
          "dst": "any",
          "apps": "",
          "service": "",
          "action": "deny",
          "zones": "",
          "category": "",
          "remark": "asa_line=1"
        },
        {
          "source_row_key": "zero",
          "rule_name": "",
          "policy": "",
          "acl": "",
          "line": "Internet:26",
          "src": "104.21.28.230",
          "dst": "any",
          "apps": "",
          "service": "",
          "action": "deny",
          "zones": "",
          "category": "",
          "remark": "asa_line=1"
        },
        {
          "source_row_key": "zero",
          "rule_name": "",
          "policy": "",
          "acl": "",
          "line": "Internet:27",
          "src": "23.22.144.165",
          "dst": "any",
          "apps": "",
          "service": "",
          "action": "deny",
          "zones": "",
          "category": "",
          "remark": "asa_line=1"
        },
        {
          "source_row_key": "zero",
          "rule_name": "",
          "policy": "",
          "acl": "",
          "line": "Internet:28",
          "src": "104.21.19.93",
          "dst": "any",
          "apps": "",
          "service": "",
          "action": "deny",
          "zones": "",
          "category": "",
          "remark": "asa_line=1"
        },
        {
          "source_row_key": "zero",
          "rule_name": "",
          "policy": "",
          "acl": "",
          "line": "Internet:29",
          "src": "104.21.16.1",
          "dst": "any",
          "apps": "",
          "service": "",
          "action": "deny",
          "zones": "",
          "category": "",
          "remark": "asa_line=1"
        },
        {
          "source_row_key": "zero",
          "rule_name": "",
          "policy": "",
          "acl": "",
          "line": "Internet:30",
          "src": "172.67.188.2",
          "dst": "any",
          "apps": "",
          "service": "",
          "action": "deny",
          "zones": "",
          "category": "",
          "remark": "asa_line=1"
        },
        {
          "source_row_key": "zero",
          "rule_name": "",
          "policy": "",
          "acl": "",
          "line": "Internet:31",
          "src": "104.21.12.174",
          "dst": "any",
          "apps": "",
          "service": "",
          "action": "deny",
          "zones": "",
          "category": "",
          "remark": "asa_line=1"
        },
        {
          "source_row_key": "zero",
          "rule_name": "",
          "policy": "",
          "acl": "",
          "line": "Internet:32",
          "src": "104.21.53.75",
          "dst": "any",
          "apps": "",
          "service": "",
          "action": "deny",
          "zones": "",
          "category": "",
          "remark": "asa_line=1"
        },
        {
          "source_row_key": "zero",
          "rule_name": "",
          "policy": "",
          "acl": "",
          "line": "Internet:33",
          "src": "104.21.78.142",
          "dst": "any",
          "apps": "",
          "service": "",
          "action": "deny",
          "zones": "",
          "category": "",
          "remark": "asa_line=1"
        },
        {
          "source_row_key": "zero",
          "rule_name": "",
          "policy": "",
          "acl": "",
          "line": "Internet:34",
          "src": "104.21.32.1",
          "dst": "any",
          "apps": "",
          "service": "",
          "action": "deny",
          "zones": "",
          "category": "",
          "remark": "asa_line=1"
        },
        {
          "source_row_key": "zero",
          "rule_name": "",
          "policy": "",
          "acl": "",
          "line": "Internet:35",
          "src": "172.67.172.36",
          "dst": "any",
          "apps": "",
          "service": "",
          "action": "deny",
          "zones": "",
          "category": "",
          "remark": "asa_line=1"
        },
        {
          "source_row_key": "zero",
          "rule_name": "",
          "policy": "",
          "acl": "",
          "line": "Internet:36",
          "src": "172.67.147.196",
          "dst": "any",
          "apps": "",
          "service": "",
          "action": "deny",
          "zones": "",
          "category": "",
          "remark": "asa_line=1"
        },
        {
          "source_row_key": "zero",
          "rule_name": "",
          "policy": "",
          "acl": "",
          "line": "Internet:37",
          "src": "104.21.84.145",
          "dst": "any",
          "apps": "",
          "service": "",
          "action": "deny",
          "zones": "",
          "category": "",
          "remark": "asa_line=1"
        },
        {
          "source_row_key": "zero",
          "rule_name": "",
          "policy": "",
          "acl": "",
          "line": "Internet:38",
          "src": "149.112.112.11",
          "dst": "any",
          "apps": "",
          "service": "",
          "action": "deny",
          "zones": "",
          "category": "",
          "remark": "asa_line=1"
        },
        {
          "source_row_key": "zero",
          "rule_name": "",
          "policy": "",
          "acl": "",
          "line": "Internet:39",
          "src": "173.254.201.16",
          "dst": "any",
          "apps": "",
          "service": "",
          "action": "deny",
          "zones": "",
          "category": "",
          "remark": "asa_line=1"
        },
        {
          "source_row_key": "zero",
          "rule_name": "",
          "policy": "",
          "acl": "",
          "line": "Internet:40",
          "src": "144.202.50.151",
          "dst": "any",
          "apps": "",
          "service": "",
          "action": "deny",
          "zones": "",
          "category": "",
          "remark": "asa_line=1"
        },
        {
          "source_row_key": "zero",
          "rule_name": "",
          "policy": "",
          "acl": "",
          "line": "Internet:41",
          "src": "208.83.233.14",
          "dst": "any",
          "apps": "",
          "service": "",
          "action": "deny",
          "zones": "",
          "category": "",
          "remark": "asa_line=1"
        },
        {
          "source_row_key": "zero",
          "rule_name": "",
          "policy": "",
          "acl": "",
          "line": "Internet:42",
          "src": "154.12.177.8",
          "dst": "any",
          "apps": "",
          "service": "",
          "action": "deny",
          "zones": "",
          "category": "",
          "remark": "asa_line=1"
        },
        {
          "source_row_key": "zero",
          "rule_name": "",
          "policy": "",
          "acl": "",
          "line": "Internet:43",
          "src": "89.45.7.90",
          "dst": "any",
          "apps": "",
          "service": "",
          "action": "deny",
          "zones": "",
          "category": "",
          "remark": "asa_line=1"
        },
        {
          "source_row_key": "zero",
          "rule_name": "",
          "policy": "",
          "acl": "",
          "line": "Internet:44",
          "src": "76.110.116.105",
          "dst": "any",
          "apps": "",
          "service": "",
          "action": "deny",
          "zones": "",
          "category": "",
          "remark": "asa_line=1"
        },
        {
          "source_row_key": "zero",
          "rule_name": "",
          "policy": "",
          "acl": "",
          "line": "Internet:45",
          "src": "185.25.48.81",
          "dst": "any",
          "apps": "",
          "service": "",
          "action": "deny",
          "zones": "",
          "category": "",
          "remark": "asa_line=1"
        },
        {
          "source_row_key": "zero",
          "rule_name": "",
          "policy": "",
          "acl": "",
          "line": "Internet:65",
          "src": "64.225.63.79",
          "dst": "any",
          "apps": "",
          "service": "",
          "action": "deny",
          "zones": "",
          "category": "",
          "remark": "asa_line=1"
        },
        {
          "source_row_key": "zero",
          "rule_name": "",
          "policy": "",
          "acl": "",
          "line": "Internet:69",
          "src": "34.79.192.229",
          "dst": "any",
          "apps": "",
          "service": "",
          "action": "deny",
          "zones": "",
          "category": "",
          "remark": "asa_line=1"
        },
        {
          "source_row_key": "zero",
          "rule_name": "",
          "policy": "",
          "acl": "",
          "line": "Internet:70",
          "src": "34.79.175.219",
          "dst": "any",
          "apps": "",
          "service": "",
          "action": "deny",
          "zones": "",
          "category": "",
          "remark": "asa_line=1"
        },
        {
          "source_row_key": "zero",
          "rule_name": "",
          "policy": "",
          "acl": "",
          "line": "Internet:71",
          "src": "35.240.121.215",
          "dst": "any",
          "apps": "",
          "service": "",
          "action": "deny",
          "zones": "",
          "category": "",
          "remark": "asa_line=1"
        },
        {
          "source_row_key": "zero",
          "rule_name": "",
          "policy": "",
          "acl": "",
          "line": "Internet:72",
          "src": "173.239.194.210",
          "dst": "any",
          "apps": "",
          "service": "",
          "action": "deny",
          "zones": "",
          "category": "",
          "remark": "asa_line=1"
        },
        {
          "source_row_key": "zero",
          "rule_name": "",
          "policy": "",
          "acl": "",
          "line": "Internet:73",
          "src": "34.76.210.122",
          "dst": "any",
          "apps": "",
          "service": "",
          "action": "deny",
          "zones": "",
          "category": "",
          "remark": "asa_line=1"
        },
        {
          "source_row_key": "zero",
          "rule_name": "",
          "policy": "",
          "acl": "",
          "line": "Internet:74",
          "src": "34.79.212.94",
          "dst": "any",
          "apps": "",
          "service": "",
          "action": "deny",
          "zones": "",
          "category": "",
          "remark": "asa_line=1"
        },
        {
          "source_row_key": "zero",
          "rule_name": "",
          "policy": "",
          "acl": "",
          "line": "Internet:75",
          "src": "34.76.134.123",
          "dst": "any",
          "apps": "",
          "service": "",
          "action": "deny",
          "zones": "",
          "category": "",
          "remark": "asa_line=1"
        },
        {
          "source_row_key": "zero",
          "rule_name": "",
          "policy": "",
          "acl": "",
          "line": "Internet:76",
          "src": "8.34.210.42",
          "dst": "any",
          "apps": "",
          "service": "",
          "action": "deny",
          "zones": "",
          "category": "",
          "remark": "asa_line=1"
        },
        {
          "source_row_key": "zero",
          "rule_name": "",
          "policy": "",
          "acl": "",
          "line": "Internet:77",
          "src": "8.34.210.48",
          "dst": "any",
          "apps": "",
          "service": "",
          "action": "deny",
          "zones": "",
          "category": "",
          "remark": "asa_line=1"
        },
        {
          "source_row_key": "zero",
          "rule_name": "",
          "policy": "",
          "acl": "",
          "line": "Internet:78",
          "src": "8.34.210.38",
          "dst": "any",
          "apps": "",
          "service": "",
          "action": "deny",
          "zones": "",
          "category": "",
          "remark": "asa_line=1"
        },
        {
          "source_row_key": "zero",
          "rule_name": "",
          "policy": "",
          "acl": "",
          "line": "Internet:79",
          "src": "8.34.210.50",
          "dst": "any",
          "apps": "",
          "service": "",
          "action": "deny",
          "zones": "",
          "category": "",
          "remark": "asa_line=1"
        },
        {
          "source_row_key": "zero",
          "rule_name": "",
          "policy": "",
          "acl": "",
          "line": "Internet:80",
          "src": "8.34.210.53",
          "dst": "any",
          "apps": "",
          "service": "",
          "action": "deny",
          "zones": "",
          "category": "",
          "remark": "asa_line=1"
        },
        {
          "source_row_key": "zero",
          "rule_name": "",
          "policy": "",
          "acl": "",
          "line": "Internet:81",
          "src": "34.68.34.68",
          "dst": "any",
          "apps": "",
          "service": "",
          "action": "deny",
          "zones": "",
          "category": "",
          "remark": "asa_line=1"
        },
        {
          "source_row_key": "zero",
          "rule_name": "",
          "policy": "",
          "acl": "",
          "line": "Internet:82",
          "src": "34.68.34.84",
          "dst": "any",
          "apps": "",
          "service": "",
          "action": "deny",
          "zones": "",
          "category": "",
          "remark": "asa_line=1"
        },
        {
          "source_row_key": "zero",
          "rule_name": "",
          "policy": "",
          "acl": "",
          "line": "Internet:83",
          "src": "34.19.127.183",
          "dst": "any",
          "apps": "",
          "service": "",
          "action": "deny",
          "zones": "",
          "category": "",
          "remark": "asa_line=1"
        },
        {
          "source_row_key": "zero",
          "rule_name": "",
          "policy": "",
          "acl": "",
          "line": "Internet:84",
          "src": "34.19.127.195",
          "dst": "any",
          "apps": "",
          "service": "",
          "action": "deny",
          "zones": "",
          "category": "",
          "remark": "asa_line=1"
        },
        {
          "source_row_key": "zero",
          "rule_name": "",
          "policy": "",
          "acl": "",
          "line": "Internet:85",
          "src": "34.19.116.54",
          "dst": "any",
          "apps": "",
          "service": "",
          "action": "deny",
          "zones": "",
          "category": "",
          "remark": "asa_line=1"
        },
        {
          "source_row_key": "zero",
          "rule_name": "",
          "policy": "",
          "acl": "",
          "line": "Internet:86",
          "src": "34.19.116.52",
          "dst": "any",
          "apps": "",
          "service": "",
          "action": "deny",
          "zones": "",
          "category": "",
          "remark": "asa_line=1"
        },
        {
          "source_row_key": "zero",
          "rule_name": "",
          "policy": "",
          "acl": "",
          "line": "Internet:87",
          "src": "3.101.240.127",
          "dst": "any",
          "apps": "",
          "service": "",
          "action": "deny",
          "zones": "",
          "category": "",
          "remark": "asa_line=1"
        },
        {
          "source_row_key": "zero",
          "rule_name": "",
          "policy": "",
          "acl": "",
          "line": "Internet:88",
          "src": "194.165.16.11",
          "dst": "any",
          "apps": "",
          "service": "",
          "action": "deny",
          "zones": "",
          "category": "",
          "remark": "asa_line=1"
        },
        {
          "source_row_key": "zero",
          "rule_name": "",
          "policy": "",
          "acl": "",
          "line": "Internet:89",
          "src": "35.233.96.173",
          "dst": "any",
          "apps": "",
          "service": "",
          "action": "deny",
          "zones": "",
          "category": "",
          "remark": "asa_line=1"
        },
        {
          "source_row_key": "zero",
          "rule_name": "",
          "policy": "",
          "acl": "",
          "line": "Internet:90",
          "src": "34.22.151.143",
          "dst": "any",
          "apps": "",
          "service": "",
          "action": "deny",
          "zones": "",
          "category": "",
          "remark": "asa_line=1"
        },
        {
          "source_row_key": "zero",
          "rule_name": "",
          "policy": "",
          "acl": "",
          "line": "Internet:91",
          "src": "104.156.155.8",
          "dst": "any",
          "apps": "",
          "service": "",
          "action": "deny",
          "zones": "",
          "category": "",
          "remark": "asa_line=1"
        },
        {
          "source_row_key": "zero",
          "rule_name": "",
          "policy": "",
          "acl": "",
          "line": "Internet:92",
          "src": "109.205.211.90",
          "dst": "any",
          "apps": "",
          "service": "",
          "action": "deny",
          "zones": "",
          "category": "",
          "remark": "asa_line=1"
        },
        {
          "source_row_key": "zero",
          "rule_name": "",
          "policy": "",
          "acl": "",
          "line": "Internet:93",
          "src": "109.205.211.37",
          "dst": "any",
          "apps": "",
          "service": "",
          "action": "deny",
          "zones": "",
          "category": "",
          "remark": "asa_line=1"
        },
        {
          "source_row_key": "zero",
          "rule_name": "",
          "policy": "",
          "acl": "",
          "line": "Internet:94",
          "src": "34.22.169.243",
          "dst": "any",
          "apps": "",
          "service": "",
          "action": "deny",
          "zones": "",
          "category": "",
          "remark": "asa_line=1"
        },
        {
          "source_row_key": "zero",
          "rule_name": "",
          "policy": "",
          "acl": "",
          "line": "Internet:95",
          "src": "3.101.240.72",
          "dst": "any",
          "apps": "",
          "service": "",
          "action": "deny",
          "zones": "",
          "category": "",
          "remark": "asa_line=1"
        },
        {
          "source_row_key": "zero",
          "rule_name": "",
          "policy": "",
          "acl": "",
          "line": "Internet:96",
          "src": "34.77.191.38",
          "dst": "any",
          "apps": "",
          "service": "",
          "action": "deny",
          "zones": "",
          "category": "",
          "remark": "asa_line=1"
        },
        {
          "source_row_key": "zero",
          "rule_name": "",
          "policy": "",
          "acl": "",
          "line": "Internet:97",
          "src": "35.205.237.176",
          "dst": "any",
          "apps": "",
          "service": "",
          "action": "deny",
          "zones": "",
          "category": "",
          "remark": "asa_line=1"
        },
        {
          "source_row_key": "zero",
          "rule_name": "",
          "policy": "",
          "acl": "",
          "line": "Internet:98",
          "src": "34.38.38.180",
          "dst": "any",
          "apps": "",
          "service": "",
          "action": "deny",
          "zones": "",
          "category": "",
          "remark": "asa_line=1"
        },
        {
          "source_row_key": "zero",
          "rule_name": "",
          "policy": "",
          "acl": "",
          "line": "Internet:99",
          "src": "79.124.62.122",
          "dst": "any",
          "apps": "",
          "service": "",
          "action": "deny",
          "zones": "",
          "category": "",
          "remark": "asa_line=1"
        },
        {
          "source_row_key": "zero",
          "rule_name": "",
          "policy": "",
          "acl": "",
          "line": "Internet:100",
          "src": "35.241.161.231",
          "dst": "any",
          "apps": "",
          "service": "",
          "action": "deny",
          "zones": "",
          "category": "",
          "remark": "asa_line=1"
        },
        {
          "source_row_key": "zero",
          "rule_name": "",
          "policy": "",
          "acl": "",
          "line": "Internet:101",
          "src": "34.38.55.189",
          "dst": "any",
          "apps": "",
          "service": "",
          "action": "deny",
          "zones": "",
          "category": "",
          "remark": "asa_line=1"
        },
        {
          "source_row_key": "zero",
          "rule_name": "",
          "policy": "",
          "acl": "",
          "line": "Internet:102",
          "src": "3.101.240.148",
          "dst": "any",
          "apps": "",
          "service": "",
          "action": "deny",
          "zones": "",
          "category": "",
          "remark": "asa_line=1"
        },
        {
          "source_row_key": "zero",
          "rule_name": "",
          "policy": "",
          "acl": "",
          "line": "Internet:103",
          "src": "35.82.51.159",
          "dst": "any",
          "apps": "",
          "service": "",
          "action": "deny",
          "zones": "",
          "category": "",
          "remark": "asa_line=1"
        },
        {
          "source_row_key": "zero",
          "rule_name": "",
          "policy": "",
          "acl": "",
          "line": "Internet:104",
          "src": "92.63.197.236",
          "dst": "any",
          "apps": "",
          "service": "",
          "action": "deny",
          "zones": "",
          "category": "",
          "remark": "asa_line=1"
        },
        {
          "source_row_key": "zero",
          "rule_name": "",
          "policy": "",
          "acl": "",
          "line": "Internet:105",
          "src": "86.54.24.137",
          "dst": "any",
          "apps": "",
          "service": "",
          "action": "deny",
          "zones": "",
          "category": "",
          "remark": "asa_line=1"
        }
      ]
    }
  ]
}