risk_score,fw_name,platform,rule_id,rule_name,from_zone,to_zone,services,evidence
42,LON300-KJC-INT-FW01-PA,Palo Alto,7,,,,,
42,LON300-KJC-INT-FW01-PA,Palo Alto,8,,,,,
42,LON300-KJC-INT-FW01-PA,Palo Alto,9,,,,,
42,LON300-KJC-INT-FW01-PA,Palo Alto,10,,,,,
42,LON300-KJC-INT-FW01-PA,Palo Alto,11,,,,,
42,LON300-KJC-INT-FW01-PA,Palo Alto,664,,,,,
42,LON300-KJC-INT-FW01-PA,Palo Alto,667,,,,,
42,LON300-KJC-INT-FW01-PA,Palo Alto,668,,,,,
42,LON300-KJC-INT-FW01-PA,Palo Alto,669,,,,,
42,LON300-KJC-INT-FW01-PA,Palo Alto,670,,,,,
