{
  "device": "BLR-INT-FW01",
  "platform": "ASA",
  "rules_received": [
    {
      "source_row_key": "zero",
      "rule_name": "",
      "policy": "",
      "acl": "",
      "line": "ACL_Outside:1",
      "src": "any",
      "dst": "any",
      "apps": "",
      "service": "",
      "action": "permit",
      "zones": "",
      "category": "",
      "remark": "asa_line=1"
    },
    {
      "source_row_key": "zero",
      "rule_name": "",
      "policy": "",
      "acl": "",
      "line": "ACL_Outside:2",
      "src": "10.91.176.0/20",
      "dst": "10.117.4.6",
      "apps": "",
      "service": "",
      "action": "permit",
      "zones": "",
      "category": "",
      "remark": "asa_line=1"
    },
    {
      "source_row_key": "zero",
      "rule_name": "",
      "policy": "",
      "acl": "",
      "line": "ACL_Outside:3",
      "src": "10.91.176.0/20",
      "dst": "10.117.4.26",
      "apps": "",
      "service": "",
      "action": "permit",
      "zones": "",
      "category": "",
      "remark": "asa_line=1"
    },
    {
      "source_row_key": "zero",
      "rule_name": "",
      "policy": "",
      "acl": "",
      "line": "ACL_Outside:4",
      "src": "any",
      "dst": "any",
      "apps": "",
      "service": "",
      "action": "permit",
      "zones": "",
      "category": "",
      "remark": "asa_line=2"
    },
    {
      "source_row_key": "zero",
      "rule_name": "",
      "policy": "",
      "acl": "",
      "line": "ACL_Outside:5",
      "src": "10.91.96.53",
      "dst": "10.100.28.14",
      "apps": "",
      "service": "",
      "action": "permit",
      "zones": "",
      "category": "",
      "remark": "asa_line=2"
    },
    {
      "source_row_key": "zero",
      "rule_name": "",
      "policy": "",
      "acl": "",
      "line": "ACL_Outside:6",
      "src": "any",
      "dst": "any",
      "apps": "",
      "service": "",
      "action": "permit",
      "zones": "",
      "category": "",
      "remark": "asa_line=3"
    },
    {
      "source_row_key": "zero",
      "rule_name": "",
      "policy": "",
      "acl": "",
      "line": "ACL_Outside:7",
      "src": "10.91.96.53",
      "dst": "10.100.28.14",
      "apps": "",
      "service": "",
      "action": "permit",
      "zones": "",
      "category": "",
      "remark": "asa_line=3"
    },
    {
      "source_row_key": "zero",
      "rule_name": "",
      "policy": "",
      "acl": "",
      "line": "ACL_Outside:8",
      "src": "10.91.176.0/22",
      "dst": "212.74.80.222",
      "apps": "",
      "service": "",
      "action": "permit",
      "zones": "",
      "category": "",
      "remark": "asa_line=4"
    },
    {
      "source_row_key": "zero",
      "rule_name": "",
      "policy": "",
      "acl": "",
      "line": "ACL_Outside:11",
      "src": "any",
      "dst": "any",
      "apps": "",
      "service": "",
      "action": "permit",
      "zones": "",
      "category": "",
      "remark": "asa_line=7"
    },
    {
      "source_row_key": "zero",
      "rule_name": "",
      "policy": "",
      "acl": "",
      "line": "ACL_Outside:12",
      "src": "10.91.176.0/20",
      "dst": "10.117.2.16",
      "apps": "",
      "service": "",
      "action": "permit",
      "zones": "",
      "category": "",
      "remark": "asa_line=7"
    },
    {
      "source_row_key": "zero",
      "rule_name": "",
      "policy": "",
      "acl": "",
      "line": "ACL_Outside:13",
      "src": "10.91.176.0/20",
      "dst": "10.117.2.15",
      "apps": "",
      "service": "",
      "action": "permit",
      "zones": "",
      "category": "",
      "remark": "asa_line=7"
    },
    {
      "source_row_key": "zero",
      "rule_name": "",
      "policy": "",
      "acl": "",
      "line": "ACL_Outside:14",
      "src": "10.91.176.0/20",
      "dst": "10.117.4.13",
      "apps": "",
      "service": "",
      "action": "permit",
      "zones": "",
      "category": "",
      "remark": "asa_line=7"
    },
    {
      "source_row_key": "zero",
      "rule_name": "",
      "policy": "",
      "acl": "",
      "line": "ACL_Outside:15",
      "src": "10.91.176.0/20",
      "dst": "10.117.4.7",
      "apps": "",
      "service": "",
      "action": "permit",
      "zones": "",
      "category": "",
      "remark": "asa_line=7"
    },
    {
      "source_row_key": "zero",
      "rule_name": "",
      "policy": "",
      "acl": "",
      "line": "ACL_Outside:16",
      "src": "10.91.176.0/20",
      "dst": "10.117.254.12",
      "apps": "",
      "service": "",
      "action": "permit",
      "zones": "",
      "category": "",
      "remark": "asa_line=7"
    },
    {
      "source_row_key": "zero",
      "rule_name": "",
      "policy": "",
      "acl": "",
      "line": "ACL_Outside:17",
      "src": "10.91.176.0/20",
      "dst": "10.117.254.17",
      "apps": "",
      "service": "",
      "action": "permit",
      "zones": "",
      "category": "",
      "remark": "asa_line=7"
    },
    {
      "source_row_key": "zero",
      "rule_name": "",
      "policy": "",
      "acl": "",
      "line": "ACL_Outside:18",
      "src": "10.91.176.0/20",
      "dst": "10.117.4.64",
      "apps": "",
      "service": "",
      "action": "permit",
      "zones": "",
      "category": "",
      "remark": "asa_line=7"
    },
    {
      "source_row_key": "zero",
      "rule_name": "",
      "policy": "",
      "acl": "",
      "line": "ACL_Outside:19",
      "src": "10.91.176.0/20",
      "dst": "10.117.4.65",
      "apps": "",
      "service": "",
      "action": "permit",
      "zones": "",
      "category": "",
      "remark": "asa_line=7"
    },
    {
      "source_row_key": "zero",
      "rule_name": "",
      "policy": "",
      "acl": "",
      "line": "ACL_Outside:20",
      "src": "10.91.176.0/20",
      "dst": "10.117.4.50",
      "apps": "",
      "service": "",
      "action": "permit",
      "zones": "",
      "category": "",
      "remark": "asa_line=7"
    },
    {
      "source_row_key": "zero",
      "rule_name": "",
      "policy": "",
      "acl": "",
      "line": "ACL_Outside:21",
      "src": "10.91.176.0/20",
      "dst": "10.117.4.46",
      "apps": "",
      "service": "",
      "action": "permit",
      "zones": "",
      "category": "",
      "remark": "asa_line=7"
    },
    {
      "source_row_key": "zero",
      "rule_name": "",
      "policy": "",
      "acl": "",
      "line": "ACL_Outside:22",
      "src": "any",
      "dst": "any",
      "apps": "",
      "service": "",
      "action": "permit",
      "zones": "",
      "category": "",
      "remark": "asa_line=8"
    },
    {
      "source_row_key": "zero",
      "rule_name": "",
      "policy": "",
      "acl": "",
      "line": "ACL_Outside:23",
      "src": "10.91.176.0/20",
      "dst": "10.117.2.16",
      "apps": "",
      "service": "",
      "action": "permit",
      "zones": "",
      "category": "",
      "remark": "asa_line=8"
    },
    {
      "source_row_key": "zero",
      "rule_name": "",
      "policy": "",
      "acl": "",
      "line": "ACL_Outside:24",
      "src": "10.91.176.0/20",
      "dst": "10.117.2.15",
      "apps": "",
      "service": "",
      "action": "permit",
      "zones": "",
      "category": "",
      "remark": "asa_line=8"
    },
    {
      "source_row_key": "zero",
      "rule_name": "",
      "policy": "",
      "acl": "",
      "line": "ACL_Outside:25",
      "src": "10.91.176.0/20",
      "dst": "10.117.4.13",
      "apps": "",
      "service": "",
      "action": "permit",
      "zones": "",
      "category": "",
      "remark": "asa_line=8"
    },
    {
      "source_row_key": "zero",
      "rule_name": "",
      "policy": "",
      "acl": "",
      "line": "ACL_Outside:26",
      "src": "10.91.176.0/20",
      "dst": "10.117.4.7",
      "apps": "",
      "service": "",
      "action": "permit",
      "zones": "",
      "category": "",
      "remark": "asa_line=8"
    },
    {
      "source_row_key": "zero",
      "rule_name": "",
      "policy": "",
      "acl": "",
      "line": "ACL_Outside:27",
      "src": "10.91.176.0/20",
      "dst": "10.117.254.12",
      "apps": "",
      "service": "",
      "action": "permit",
      "zones": "",
      "category": "",
      "remark": "asa_line=8"
    },
    {
      "source_row_key": "zero",
      "rule_name": "",
      "policy": "",
      "acl": "",
      "line": "ACL_Outside:28",
      "src": "10.91.176.0/20",
      "dst": "10.117.254.17",
      "apps": "",
      "service": "",
      "action": "permit",
      "zones": "",
      "category": "",
      "remark": "asa_line=8"
    },
    {
      "source_row_key": "zero",
      "rule_name": "",
      "policy": "",
      "acl": "",
      "line": "ACL_Outside:29",
      "src": "10.91.176.0/20",
      "dst": "10.117.4.64",
      "apps": "",
      "service": "",
      "action": "permit",
      "zones": "",
      "category": "",
      "remark": "asa_line=8"
    },
    {
      "source_row_key": "zero",
      "rule_name": "",
      "policy": "",
      "acl": "",
      "line": "ACL_Outside:30",
      "src": "10.91.176.0/20",
      "dst": "10.117.4.65",
      "apps": "",
      "service": "",
      "action": "permit",
      "zones": "",
      "category": "",
      "remark": "asa_line=8"
    },
    {
      "source_row_key": "zero",
      "rule_name": "",
      "policy": "",
      "acl": "",
      "line": "ACL_Outside:31",
      "src": "10.91.176.0/20",
      "dst": "10.117.4.50",
      "apps": "",
      "service": "",
      "action": "permit",
      "zones": "",
      "category": "",
      "remark": "asa_line=8"
    },
    {
      "source_row_key": "zero",
      "rule_name": "",
      "policy": "",
      "acl": "",
      "line": "ACL_Outside:32",
      "src": "10.91.176.0/20",
      "dst": "10.117.4.46",
      "apps": "",
      "service": "",
      "action": "permit",
      "zones": "",
      "category": "",
      "remark": "asa_line=8"
    },
    {
      "source_row_key": "zero",
      "rule_name": "",
      "policy": "",
      "acl": "",
      "line": "ACL_Outside:33",
      "src": "any",
      "dst": "any",
      "apps": "",
      "service": "",
      "action": "permit",
      "zones": "",
      "category": "",
      "remark": "asa_line=9"
    },
    {
      "source_row_key": "zero",
      "rule_name": "",
      "policy": "",
      "acl": "",
      "line": "ACL_Outside:34",
      "src": "10.91.176.0/20",
      "dst": "10.117.4.31",
      "apps": "",
      "service": "",
      "action": "permit",
      "zones": "",
      "category": "",
      "remark": "asa_line=9"
    },
    {
      "source_row_key": "zero",
      "rule_name": "",
      "policy": "",
      "acl": "",
      "line": "ACL_Outside:35",
      "src": "10.91.176.0/20",
      "dst": "10.117.4.31",
      "apps": "",
      "service": "",
      "action": "permit",
      "zones": "",
      "category": "",
      "remark": "asa_line=9"
    },
    {
      "source_row_key": "zero",
      "rule_name": "",
      "policy": "",
      "acl": "",
      "line": "ACL_Outside:36",
      "src": "10.91.176.0/20",
      "dst": "10.117.4.31",
      "apps": "",
      "service": "",
      "action": "permit",
      "zones": "",
      "category": "",
      "remark": "asa_line=9"
    },
    {
      "source_row_key": "zero",
      "rule_name": "",
      "policy": "",
      "acl": "",
      "line": "ACL_Outside:37",
      "src": "10.91.176.0/20",
      "dst": "10.117.4.31",
      "apps": "",
      "service": "",
      "action": "permit",
      "zones": "",
      "category": "",
      "remark": "asa_line=9"
    },
    {
      "source_row_key": "zero",
      "rule_name": "",
      "policy": "",
      "acl": "",
      "line": "ACL_Outside:38",
      "src": "10.91.176.0/20",
      "dst": "10.117.4.31",
      "apps": "",
      "service": "",
      "action": "permit",
      "zones": "",
      "category": "",
      "remark": "asa_line=9"
    },
    {
      "source_row_key": "zero",
      "rule_name": "",
      "policy": "",
      "acl": "",
      "line": "ACL_Outside:39",
      "src": "10.91.176.0/20",
      "dst": "10.117.4.31",
      "apps": "",
      "service": "",
      "action": "permit",
      "zones": "",
      "category": "",
      "remark": "asa_line=9"
    },
    {
      "source_row_key": "zero",
      "rule_name": "",
      "policy": "",
      "acl": "",
      "line": "ACL_Outside:40",
      "src": "10.91.176.0/20",
      "dst": "10.117.4.31",
      "apps": "",
      "service": "",
      "action": "permit",
      "zones": "",
      "category": "",
      "remark": "asa_line=9"
    },
    {
      "source_row_key": "zero",
      "rule_name": "",
      "policy": "",
      "acl": "",
      "line": "ACL_Outside:41",
      "src": "10.91.176.0/20",
      "dst": "10.117.4.31",
      "apps": "",
      "service": "",
      "action": "permit",
      "zones": "",
      "category": "",
      "remark": "asa_line=9"
    },
    {
      "source_row_key": "zero",
      "rule_name": "",
      "policy": "",
      "acl": "",
      "line": "ACL_Outside:42",
      "src": "10.91.176.0/20",
      "dst": "10.117.4.31",
      "apps": "",
      "service": "",
      "action": "permit",
      "zones": "",
      "category": "",
      "remark": "asa_line=9"
    },
    {
      "source_row_key": "zero",
      "rule_name": "",
      "policy": "",
      "acl": "",
      "line": "ACL_Outside:43",
      "src": "10.91.176.0/20",
      "dst": "10.117.4.31",
      "apps": "",
      "service": "",
      "action": "permit",
      "zones": "",
      "category": "",
      "remark": "asa_line=9"
    },
    {
      "source_row_key": "zero",
      "rule_name": "",
      "policy": "",
      "acl": "",
      "line": "ACL_Outside:44",
      "src": "10.91.176.0/20",
      "dst": "10.117.4.31",
      "apps": "",
      "service": "",
      "action": "permit",
      "zones": "",
      "category": "",
      "remark": "asa_line=9"
    },
    {
      "source_row_key": "zero",
      "rule_name": "",
      "policy": "",
      "acl": "",
      "line": "ACL_Outside:45",
      "src": "10.91.176.0/20",
      "dst": "10.117.4.31",
      "apps": "",
      "service": "",
      "action": "permit",
      "zones": "",
      "category": "",
      "remark": "asa_line=9"
    },
    {
      "source_row_key": "zero",
      "rule_name": "",
      "policy": "",
      "acl": "",
      "line": "ACL_Outside:46",
      "src": "10.91.176.0/20",
      "dst": "10.117.4.31",
      "apps": "",
      "service": "",
      "action": "permit",
      "zones": "",
      "category": "",
      "remark": "asa_line=9"
    },
    {
      "source_row_key": "zero",
      "rule_name": "",
      "policy": "",
      "acl": "",
      "line": "ACL_Outside:47",
      "src": "10.91.176.0/20",
      "dst": "10.117.4.31",
      "apps": "",
      "service": "",
      "action": "permit",
      "zones": "",
      "category": "",
      "remark": "asa_line=9"
    },
    {
      "source_row_key": "zero",
      "rule_name": "",
      "policy": "",
      "acl": "",
      "line": "ACL_Outside:48",
      "src": "10.91.176.0/20",
      "dst": "10.117.4.31",
      "apps": "",
      "service": "",
      "action": "permit",
      "zones": "",
      "category": "",
      "remark": "asa_line=9"
    },
    {
      "source_row_key": "zero",
      "rule_name": "",
      "policy": "",
      "acl": "",
      "line": "ACL_Outside:49",
      "src": "10.91.176.0/20",
      "dst": "10.117.4.31",
      "apps": "",
      "service": "",
      "action": "permit",
      "zones": "",
      "category": "",
      "remark": "asa_line=9"
    },
    {
      "source_row_key": "zero",
      "rule_name": "",
      "policy": "",
      "acl": "",
      "line": "ACL_Outside:50",
      "src": "10.91.176.0/20",
      "dst": "10.117.4.30",
      "apps": "",
      "service": "",
      "action": "permit",
      "zones": "",
      "category": "",
      "remark": "asa_line=9"
    },
    {
      "source_row_key": "zero",
      "rule_name": "",
      "policy": "",
      "acl": "",
      "line": "ACL_Outside:51",
      "src": "10.91.176.0/20",
      "dst": "10.117.4.30",
      "apps": "",
      "service": "",
      "action": "permit",
      "zones": "",
      "category": "",
      "remark": "asa_line=9"
    },
    {
      "source_row_key": "zero",
      "rule_name": "",
      "policy": "",
      "acl": "",
      "line": "ACL_Outside:52",
      "src": "10.91.176.0/20",
      "dst": "10.117.4.30",
      "apps": "",
      "service": "",
      "action": "permit",
      "zones": "",
      "category": "",
      "remark": "asa_line=9"
    },
    {
      "source_row_key": "zero",
      "rule_name": "",
      "policy": "",
      "acl": "",
      "line": "ACL_Outside:53",
      "src": "10.91.176.0/20",
      "dst": "10.117.4.30",
      "apps": "",
      "service": "",
      "action": "permit",
      "zones": "",
      "category": "",
      "remark": "asa_line=9"
    },
    {
      "source_row_key": "zero",
      "rule_name": "",
      "policy": "",
      "acl": "",
      "line": "ACL_Outside:54",
      "src": "10.91.176.0/20",
      "dst": "10.117.4.30",
      "apps": "",
      "service": "",
      "action": "permit",
      "zones": "",
      "category": "",
      "remark": "asa_line=9"
    },
    {
      "source_row_key": "zero",
      "rule_name": "",
      "policy": "",
      "acl": "",
      "line": "ACL_Outside:55",
      "src": "10.91.176.0/20",
      "dst": "10.117.4.30",
      "apps": "",
      "service": "",
      "action": "permit",
      "zones": "",
      "category": "",
      "remark": "asa_line=9"
    },
    {
      "source_row_key": "zero",
      "rule_name": "",
      "policy": "",
      "acl": "",
      "line": "ACL_Outside:56",
      "src": "10.91.176.0/20",
      "dst": "10.117.4.30",
      "apps": "",
      "service": "",
      "action": "permit",
      "zones": "",
      "category": "",
      "remark": "asa_line=9"
    },
    {
      "source_row_key": "zero",
      "rule_name": "",
      "policy": "",
      "acl": "",
      "line": "ACL_Outside:57",
      "src": "10.91.176.0/20",
      "dst": "10.117.4.30",
      "apps": "",
      "service": "",
      "action": "permit",
      "zones": "",
      "category": "",
      "remark": "asa_line=9"
    },
    {
      "source_row_key": "zero",
      "rule_name": "",
      "policy": "",
      "acl": "",
      "line": "ACL_Outside:58",
      "src": "10.91.176.0/20",
      "dst": "10.117.4.30",
      "apps": "",
      "service": "",
      "action": "permit",
      "zones": "",
      "category": "",
      "remark": "asa_line=9"
    },
    {
      "source_row_key": "zero",
      "rule_name": "",
      "policy": "",
      "acl": "",
      "line": "ACL_Outside:59",
      "src": "10.91.176.0/20",
      "dst": "10.117.4.30",
      "apps": "",
      "service": "",
      "action": "permit",
      "zones": "",
      "category": "",
      "remark": "asa_line=9"
    },
    {
      "source_row_key": "zero",
      "rule_name": "",
      "policy": "",
      "acl": "",
      "line": "ACL_Outside:60",
      "src": "10.91.176.0/20",
      "dst": "10.117.4.30",
      "apps": "",
      "service": "",
      "action": "permit",
      "zones": "",
      "category": "",
      "remark": "asa_line=9"
    },
    {
      "source_row_key": "zero",
      "rule_name": "",
      "policy": "",
      "acl": "",
      "line": "ACL_Outside:61",
      "src": "10.91.176.0/20",
      "dst": "10.117.4.30",
      "apps": "",
      "service": "",
      "action": "permit",
      "zones": "",
      "category": "",
      "remark": "asa_line=9"
    },
    {
      "source_row_key": "zero",
      "rule_name": "",
      "policy": "",
      "acl": "",
      "line": "ACL_Outside:62",
      "src": "10.91.176.0/20",
      "dst": "10.117.4.30",
      "apps": "",
      "service": "",
      "action": "permit",
      "zones": "",
      "category": "",
      "remark": "asa_line=9"
    },
    {
      "source_row_key": "zero",
      "rule_name": "",
      "policy": "",
      "acl": "",
      "line": "ACL_Outside:63",
      "src": "10.91.176.0/20",
      "dst": "10.117.4.30",
      "apps": "",
      "service": "",
      "action": "permit",
      "zones": "",
      "category": "",
      "remark": "asa_line=9"
    },
    {
      "source_row_key": "zero",
      "rule_name": "",
      "policy": "",
      "acl": "",
      "line": "ACL_Outside:64",
      "src": "10.91.176.0/20",
      "dst": "10.117.4.30",
      "apps": "",
      "service": "",
      "action": "permit",
      "zones": "",
      "category": "",
      "remark": "asa_line=9"
    },
    {
      "source_row_key": "zero",
      "rule_name": "",
      "policy": "",
      "acl": "",
      "line": "ACL_Outside:65",
      "src": "10.91.176.0/20",
      "dst": "10.117.4.30",
      "apps": "",
      "service": "",
      "action": "permit",
      "zones": "",
      "category": "",
      "remark": "asa_line=9"
    },
    {
      "source_row_key": "zero",
      "rule_name": "",
      "policy": "",
      "acl": "",
      "line": "ACL_Outside:66",
      "src": "10.91.176.0/20",
      "dst": "10.117.4.29",
      "apps": "",
      "service": "",
      "action": "permit",
      "zones": "",
      "category": "",
      "remark": "asa_line=9"
    },
    {
      "source_row_key": "zero",
      "rule_name": "",
      "policy": "",
      "acl": "",
      "line": "ACL_Outside:67",
      "src": "10.91.176.0/20",
      "dst": "10.117.4.29",
      "apps": "",
      "service": "",
      "action": "permit",
      "zones": "",
      "category": "",
      "remark": "asa_line=9"
    },
    {
      "source_row_key": "zero",
      "rule_name": "",
      "policy": "",
      "acl": "",
      "line": "ACL_Outside:68",
      "src": "10.91.176.0/20",
      "dst": "10.117.4.29",
      "apps": "",
      "service": "",
      "action": "permit",
      "zones": "",
      "category": "",
      "remark": "asa_line=9"
    },
    {
      "source_row_key": "zero",
      "rule_name": "",
      "policy": "",
      "acl": "",
      "line": "ACL_Outside:69",
      "src": "10.91.176.0/20",
      "dst": "10.117.4.29",
      "apps": "",
      "service": "",
      "action": "permit",
      "zones": "",
      "category": "",
      "remark": "asa_line=9"
    },
    {
      "source_row_key": "zero",
      "rule_name": "",
      "policy": "",
      "acl": "",
      "line": "ACL_Outside:70",
      "src": "10.91.176.0/20",
      "dst": "10.117.4.29",
      "apps": "",
      "service": "",
      "action": "permit",
      "zones": "",
      "category": "",
      "remark": "asa_line=9"
    },
    {
      "source_row_key": "zero",
      "rule_name": "",
      "policy": "",
      "acl": "",
      "line": "ACL_Outside:71",
      "src": "10.91.176.0/20",
      "dst": "10.117.4.29",
      "apps": "",
      "service": "",
      "action": "permit",
      "zones": "",
      "category": "",
      "remark": "asa_line=9"
    },
    {
      "source_row_key": "zero",
      "rule_name": "",
      "policy": "",
      "acl": "",
      "line": "ACL_Outside:72",
      "src": "10.91.176.0/20",
      "dst": "10.117.4.29",
      "apps": "",
      "service": "",
      "action": "permit",
      "zones": "",
      "category": "",
      "remark": "asa_line=9"
    },
    {
      "source_row_key": "zero",
      "rule_name": "",
      "policy": "",
      "acl": "",
      "line": "ACL_Outside:73",
      "src": "10.91.176.0/20",
      "dst": "10.117.4.29",
      "apps": "",
      "service": "",
      "action": "permit",
      "zones": "",
      "category": "",
      "remark": "asa_line=9"
    },
    {
      "source_row_key": "zero",
      "rule_name": "",
      "policy": "",
      "acl": "",
      "line": "ACL_Outside:74",
      "src": "10.91.176.0/20",
      "dst": "10.117.4.29",
      "apps": "",
      "service": "",
      "action": "permit",
      "zones": "",
      "category": "",
      "remark": "asa_line=9"
    },
    {
      "source_row_key": "zero",
      "rule_name": "",
      "policy": "",
      "acl": "",
      "line": "ACL_Outside:75",
      "src": "10.91.176.0/20",
      "dst": "10.117.4.29",
      "apps": "",
      "service": "",
      "action": "permit",
      "zones": "",
      "category": "",
      "remark": "asa_line=9"
    },
    {
      "source_row_key": "zero",
      "rule_name": "",
      "policy": "",
      "acl": "",
      "line": "ACL_Outside:76",
      "src": "10.91.176.0/20",
      "dst": "10.117.4.29",
      "apps": "",
      "service": "",
      "action": "permit",
      "zones": "",
      "category": "",
      "remark": "asa_line=9"
    },
    {
      "source_row_key": "zero",
      "rule_name": "",
      "policy": "",
      "acl": "",
      "line": "ACL_Outside:77",
      "src": "10.91.176.0/20",
      "dst": "10.117.4.29",
      "apps": "",
      "service": "",
      "action": "permit",
      "zones": "",
      "category": "",
      "remark": "asa_line=9"
    },
    {
      "source_row_key": "zero",
      "rule_name": "",
      "policy": "",
      "acl": "",
      "line": "ACL_Outside:78",
      "src": "10.91.176.0/20",
      "dst": "10.117.4.29",
      "apps": "",
      "service": "",
      "action": "permit",
      "zones": "",
      "category": "",
      "remark": "asa_line=9"
    },
    {
      "source_row_key": "zero",
      "rule_name": "",
      "policy": "",
      "acl": "",
      "line": "ACL_Outside:79",
      "src": "10.91.176.0/20",
      "dst": "10.117.4.29",
      "apps": "",
      "service": "",
      "action": "permit",
      "zones": "",
      "category": "",
      "remark": "asa_line=9"
    },
    {
      "source_row_key": "zero",
      "rule_name": "",
      "policy": "",
      "acl": "",
      "line": "ACL_Outside:80",
      "src": "10.91.176.0/20",
      "dst": "10.117.4.29",
      "apps": "",
      "service": "",
      "action": "permit",
      "zones": "",
      "category": "",
      "remark": "asa_line=9"
    },
    {
      "source_row_key": "zero",
      "rule_name": "",
      "policy": "",
      "acl": "",
      "line": "ACL_Outside:81",
      "src": "10.91.176.0/20",
      "dst": "10.117.4.29",
      "apps": "",
      "service": "",
      "action": "permit",
      "zones": "",
      "category": "",
      "remark": "asa_line=9"
    },
    {
      "source_row_key": "zero",
      "rule_name": "",
      "policy": "",
      "acl": "",
      "line": "ACL_Outside:82",
      "src": "10.91.176.0/20",
      "dst": "10.117.4.14",
      "apps": "",
      "service": "",
      "action": "permit",
      "zones": "",
      "category": "",
      "remark": "asa_line=9"
    },
    {
      "source_row_key": "zero",
      "rule_name": "",
      "policy": "",
      "acl": "",
      "line": "ACL_Outside:83",
      "src": "10.91.176.0/20",
      "dst": "10.117.4.14",
      "apps": "",
      "service": "",
      "action": "permit",
      "zones": "",
      "category": "",
      "remark": "asa_line=9"
    },
    {
      "source_row_key": "zero",
      "rule_name": "",
      "policy": "",
      "acl": "",
      "line": "ACL_Outside:84",
      "src": "10.91.176.0/20",
      "dst": "10.117.4.14",
      "apps": "",
      "service": "",
      "action": "permit",
      "zones": "",
      "category": "",
      "remark": "asa_line=9"
    },
    {
      "source_row_key": "zero",
      "rule_name": "",
      "policy": "",
      "acl": "",
      "line": "ACL_Outside:85",
      "src": "10.91.176.0/20",
      "dst": "10.117.4.14",
      "apps": "",
      "service": "",
      "action": "permit",
      "zones": "",
      "category": "",
      "remark": "asa_line=9"
    },
    {
      "source_row_key": "zero",
      "rule_name": "",
      "policy": "",
      "acl": "",
      "line": "ACL_Outside:86",
      "src": "10.91.176.0/20",
      "dst": "10.117.4.14",
      "apps": "",
      "service": "",
      "action": "permit",
      "zones": "",
      "category": "",
      "remark": "asa_line=9"
    },
    {
      "source_row_key": "zero",
      "rule_name": "",
      "policy": "",
      "acl": "",
      "line": "ACL_Outside:87",
      "src": "10.91.176.0/20",
      "dst": "10.117.4.14",
      "apps": "",
      "service": "",
      "action": "permit",
      "zones": "",
      "category": "",
      "remark": "asa_line=9"
    },
    {
      "source_row_key": "zero",
      "rule_name": "",
      "policy": "",
      "acl": "",
      "line": "ACL_Outside:88",
      "src": "10.91.176.0/20",
      "dst": "10.117.4.14",
      "apps": "",
      "service": "",
      "action": "permit",
      "zones": "",
      "category": "",
      "remark": "asa_line=9"
    },
    {
      "source_row_key": "zero",
      "rule_name": "",
      "policy": "",
      "acl": "",
      "line": "ACL_Outside:89",
      "src": "10.91.176.0/20",
      "dst": "10.117.4.14",
      "apps": "",
      "service": "",
      "action": "permit",
      "zones": "",
      "category": "",
      "remark": "asa_line=9"
    },
    {
      "source_row_key": "zero",
      "rule_name": "",
      "policy": "",
      "acl": "",
      "line": "ACL_Outside:90",
      "src": "10.91.176.0/20",
      "dst": "10.117.4.14",
      "apps": "",
      "service": "",
      "action": "permit",
      "zones": "",
      "category": "",
      "remark": "asa_line=9"
    },
    {
      "source_row_key": "zero",
      "rule_name": "",
      "policy": "",
      "acl": "",
      "line": "ACL_Outside:91",
      "src": "10.91.176.0/20",
      "dst": "10.117.4.14",
      "apps": "",
      "service": "",
      "action": "permit",
      "zones": "",
      "category": "",
      "remark": "asa_line=9"
    },
    {
      "source_row_key": "zero",
      "rule_name": "",
      "policy": "",
      "acl": "",
      "line": "ACL_Outside:92",
      "src": "10.91.176.0/20",
      "dst": "10.117.4.14",
      "apps": "",
      "service": "",
      "action": "permit",
      "zones": "",
      "category": "",
      "remark": "asa_line=9"
    },
    {
      "source_row_key": "zero",
      "rule_name": "",
      "policy": "",
      "acl": "",
      "line": "ACL_Outside:93",
      "src": "10.91.176.0/20",
      "dst": "10.117.4.14",
      "apps": "",
      "service": "",
      "action": "permit",
      "zones": "",
      "category": "",
      "remark": "asa_line=9"
    },
    {
      "source_row_key": "zero",
      "rule_name": "",
      "policy": "",
      "acl": "",
      "line": "ACL_Outside:94",
      "src": "10.91.176.0/20",
      "dst": "10.117.4.14",
      "apps": "",
      "service": "",
      "action": "permit",
      "zones": "",
      "category": "",
      "remark": "asa_line=9"
    },
    {
      "source_row_key": "zero",
      "rule_name": "",
      "policy": "",
      "acl": "",
      "line": "ACL_Outside:95",
      "src": "10.91.176.0/20",
      "dst": "10.117.4.14",
      "apps": "",
      "service": "",
      "action": "permit",
      "zones": "",
      "category": "",
      "remark": "asa_line=9"
    },
    {
      "source_row_key": "zero",
      "rule_name": "",
      "policy": "",
      "acl": "",
      "line": "ACL_Outside:96",
      "src": "10.91.176.0/20",
      "dst": "10.117.4.14",
      "apps": "",
      "service": "",
      "action": "permit",
      "zones": "",
      "category": "",
      "remark": "asa_line=9"
    },
    {
      "source_row_key": "zero",
      "rule_name": "",
      "policy": "",
      "acl": "",
      "line": "ACL_Outside:97",
      "src": "10.91.176.0/20",
      "dst": "10.117.4.14",
      "apps": "",
      "service": "",
      "action": "permit",
      "zones": "",
      "category": "",
      "remark": "asa_line=9"
    },
    {
      "source_row_key": "zero",
      "rule_name": "",
      "policy": "",
      "acl": "",
      "line": "ACL_Outside:98",
      "src": "10.91.176.0/20",
      "dst": "10.117.4.15",
      "apps": "",
      "service": "",
      "action": "permit",
      "zones": "",
      "category": "",
      "remark": "asa_line=9"
    },
    {
      "source_row_key": "zero",
      "rule_name": "",
      "policy": "",
      "acl": "",
      "line": "ACL_Outside:99",
      "src": "10.91.176.0/20",
      "dst": "10.117.4.15",
      "apps": "",
      "service": "",
      "action": "permit",
      "zones": "",
      "category": "",
      "remark": "asa_line=9"
    },
    {
      "source_row_key": "zero",
      "rule_name": "",
      "policy": "",
      "acl": "",
      "line": "ACL_Outside:100",
      "src": "10.91.176.0/20",
      "dst": "10.117.4.15",
      "apps": "",
      "service": "",
      "action": "permit",
      "zones": "",
      "category": "",
      "remark": "asa_line=9"
    },
    {
      "source_row_key": "zero",
      "rule_name": "",
      "policy": "",
      "acl": "",
      "line": "ACL_Outside:101",
      "src": "10.91.176.0/20",
      "dst": "10.117.4.15",
      "apps": "",
      "service": "",
      "action": "permit",
      "zones": "",
      "category": "",
      "remark": "asa_line=9"
    },
    {
      "source_row_key": "zero",
      "rule_name": "",
      "policy": "",
      "acl": "",
      "line": "ACL_Outside:102",
      "src": "10.91.176.0/20",
      "dst": "10.117.4.15",
      "apps": "",
      "service": "",
      "action": "permit",
      "zones": "",
      "category": "",
      "remark": "asa_line=9"
    }
  ],
  "resolution": "deferred",
  "note": "Sprint 1 dry-run: no device resolution, no changes applied."
}