{
  "run_id": "20260218-171318",
  "options": {
    "dry_run": true,
    "backup": true,
    "ticket_id": "",
    "srx_commit_confirm_minutes": 5,
    "panorama_mode": false
  },
  "targets": [
    {
      "device": "LIS-INT-FW01",
      "platform": "srx",
      "auth_ref": "global",
      "rules": [
        {
          "source_row_key": "zero",
          "rule_name": "",
          "policy": "",
          "acl": "",
          "line": "UNTRUST-POLICY-8",
          "src": "H-10.100.5.13,H-10.100.7.203,lonfms92",
          "dst": "NW-10.51.52.0/24",
          "apps": "",
          "service": "",
          "action": "permit",
          "zones": "",
          "category": "",
          "remark": "from Untrust to Trust"
        },
        {
          "source_row_key": "zero",
          "rule_name": "",
          "policy": "",
          "acl": "",
          "line": "UNTRUST-POLICY-1",
          "src": "ULVMCTMASN001,lonnes01",
          "dst": "any",
          "apps": "",
          "service": "",
          "action": "permit",
          "zones": "",
          "category": "",
          "remark": "from Untrust to Trust"
        }
      ]
    }
  ]
}