timestamp,hostname,status
2026-02-21 12:44:25,FRA-INT-FW01,SUCCESS
2026-02-21 12:44:26,LIS-INT-FW01,SUCCESS
2026-02-21 12:44:29,BLR-LON-LAB-IT-FW,FAILED
2026-02-21 12:44:29,BLR-VPN-LAB-EXT-FW,FAILED
2026-02-21 12:44:30,LON300-KJC-INT-FW01-PA,SUCCESS
2026-02-21 12:44:30,BLR-EDGE-OUT-FW01,SUCCESS
2026-02-21 12:44:34,LON-PWG-NEOEDG-FW,SUCCESS
2026-02-21 12:44:34,BLR-VPN-FW01,SUCCESS
2026-02-21 12:44:36,JPN-EDG-IO-FW01,SUCCESS
2026-02-21 12:44:37,LON-SOC-DC-PWG-FW01,FAILED
2026-02-21 12:44:46,GGN-VPN-FW01,SUCCESS
2026-02-21 12:44:47,GGN-VPN2-FW,SUCCESS
2026-02-21 12:44:47,LON-IT-MGMT-FW01,FAILED
